{
    "name": "root",
    "gauges": {
        "BattleBot.Policy.Entropy.mean": {
            "value": 1.6884890794754028,
            "min": 1.6542357206344604,
            "max": 1.6884890794754028,
            "count": 5
        },
        "BattleBot.Policy.Entropy.sum": {
            "value": 33584.046875,
            "min": 3906.6064453125,
            "max": 33584.046875,
            "count": 5
        },
        "BattleBot.Step.mean": {
            "value": 1889970.0,
            "min": 1849982.0,
            "max": 1889970.0,
            "count": 5
        },
        "BattleBot.Step.sum": {
            "value": 1889970.0,
            "min": 1849982.0,
            "max": 1889970.0,
            "count": 5
        },
        "BattleBot.Policy.ExtrinsicValueEstimate.mean": {
            "value": 0.08876027166843414,
            "min": 0.023569777607917786,
            "max": 0.09981054812669754,
            "count": 5
        },
        "BattleBot.Policy.ExtrinsicValueEstimate.sum": {
            "value": 14.911725997924805,
            "min": 1.1977266073226929,
            "max": 14.911725997924805,
            "count": 5
        },
        "BattleBot.IsTraining.mean": {
            "value": 1.0,
            "min": 1.0,
            "max": 1.0,
            "count": 5
        },
        "BattleBot.IsTraining.sum": {
            "value": 1.0,
            "min": 1.0,
            "max": 1.0,
            "count": 5
        },
        "BattleBot.Environment.EpisodeLength.mean": {
            "value": 478.4782608695652,
            "min": 281.54545454545456,
            "max": 478.4782608695652,
            "count": 4
        },
        "BattleBot.Environment.EpisodeLength.sum": {
            "value": 22010.0,
            "min": 12388.0,
            "max": 22010.0,
            "count": 4
        },
        "BattleBot.Self-play.ELO.mean": {
            "value": 490.1013033495569,
            "min": 489.0853529201232,
            "max": 491.4641286428567,
            "count": 4
        },
        "BattleBot.Self-play.ELO.sum": {
            "value": 11272.329977039808,
            "min": 8803.536352562218,
            "max": 11272.329977039808,
            "count": 4
        },
        "BattleBot.Environment.CumulativeReward.mean": {
            "value": 0.5330434459383073,
            "min": -0.20909095013683493,
            "max": 1.1757894542656446,
            "count": 4
        },
        "BattleBot.Environment.CumulativeReward.sum": {
            "value": 12.259999256581068,
            "min": -4.600000903010368,
            "max": 22.33999963104725,
            "count": 4
        },
        "BattleBot.Policy.ExtrinsicReward.mean": {
            "value": 0.5330434459383073,
            "min": -0.20909095013683493,
            "max": 1.1757894542656446,
            "count": 4
        },
        "BattleBot.Policy.ExtrinsicReward.sum": {
            "value": 12.259999256581068,
            "min": -4.600000903010368,
            "max": 22.33999963104725,
            "count": 4
        },
        "BattleBot.Losses.PolicyLoss.mean": {
            "value": 0.026241189370436284,
            "min": 0.019103850494138895,
            "max": 0.02827204730710946,
            "count": 3
        },
        "BattleBot.Losses.PolicyLoss.sum": {
            "value": 0.026241189370436284,
            "min": 0.019103850494138895,
            "max": 0.02827204730710946,
            "count": 3
        },
        "BattleBot.Losses.ValueLoss.mean": {
            "value": 0.07301637505491575,
            "min": 0.06793016667167345,
            "max": 0.08653576200207075,
            "count": 3
        },
        "BattleBot.Losses.ValueLoss.sum": {
            "value": 0.07301637505491575,
            "min": 0.06793016667167345,
            "max": 0.08653576200207075,
            "count": 3
        },
        "BattleBot.Policy.LearningRate.mean": {
            "value": 0.0002435991188003,
            "min": 0.0002435991188003,
            "max": 0.00024421552859483,
            "count": 3
        },
        "BattleBot.Policy.LearningRate.sum": {
            "value": 0.0002435991188003,
            "min": 0.0002435991188003,
            "max": 0.00024421552859483,
            "count": 3
        },
        "BattleBot.Policy.Epsilon.mean": {
            "value": 0.18119969999999994,
            "min": 0.18119969999999994,
            "max": 0.18140516999999995,
            "count": 3
        },
        "BattleBot.Policy.Epsilon.sum": {
            "value": 0.18119969999999994,
            "min": 0.18119969999999994,
            "max": 0.18140516999999995,
            "count": 3
        },
        "BattleBot.Policy.Beta.mean": {
            "value": 0.00040787852999999986,
            "min": 0.00040787852999999986,
            "max": 0.0004088853330000001,
            "count": 3
        },
        "BattleBot.Policy.Beta.sum": {
            "value": 0.00040787852999999986,
            "min": 0.00040787852999999986,
            "max": 0.0004088853330000001,
            "count": 3
        }
    },
    "metadata": {
        "timer_format_version": "0.1.0",
        "start_time_seconds": "1765628757",
        "python_version": "3.10.11 (tags/v3.10.11:7d4cc5a, Apr  5 2023, 00:38:17) [MSC v.1929 64 bit (AMD64)]",
        "command_line_arguments": "C:\\Users\\davco\\Documents\\University\\Masters\\Year 2\\Semestre 1\\RI\\RI Final Project\\venv\\Scripts\\mlagents-learn Assets/ML-Configs/BattleBot.yaml --run-id=BattleTest02 --resume",
        "mlagents_version": "1.1.0",
        "mlagents_envs_version": "1.1.0",
        "communication_protocol_version": "1.5.0",
        "pytorch_version": "2.2.2+cu121",
        "numpy_version": "1.23.5",
        "end_time_seconds": "1765629412"
    },
    "total": 655.8594698000088,
    "count": 1,
    "self": 0.005820600010338239,
    "children": {
        "run_training.setup": {
            "total": 0.08643229999870528,
            "count": 1,
            "self": 0.08643229999870528
        },
        "TrainerController.start_learning": {
            "total": 655.7672168999998,
            "count": 1,
            "self": 0.12304589978884906,
            "children": {
                "TrainerController._reset_env": {
                    "total": 11.000328900001477,
                    "count": 2,
                    "self": 11.000328900001477
                },
                "TrainerController.advance": {
                    "total": 644.4087628002162,
                    "count": 5658,
                    "self": 0.10753440108965151,
                    "children": {
                        "env_step": {
                            "total": 612.2065318997047,
                            "count": 5658,
                            "self": 316.07988959926297,
                            "children": {
                                "SubprocessEnvManager._take_step": {
                                    "total": 296.05205419979757,
                                    "count": 5658,
                                    "self": 0.67837510012032,
                                    "children": {
                                        "TorchPolicy.evaluate": {
                                            "total": 295.37367909967725,
                                            "count": 11160,
                                            "self": 295.37367909967725
                                        }
                                    }
                                },
                                "workers": {
                                    "total": 0.07458810064417776,
                                    "count": 5657,
                                    "self": 0.0,
                                    "children": {
                                        "worker_root": {
                                            "total": 570.7616740004305,
                                            "count": 5657,