{
    "name": "root",
    "gauges": {
        "BattleBot.Policy.Entropy.mean": {
            "value": 1.52544105052948,
            "min": 1.4995371103286743,
            "max": 1.8775941133499146,
            "count": 84
        },
        "BattleBot.Policy.Entropy.sum": {
            "value": 15513.7353515625,
            "min": 12833.203125,
            "max": 19673.529296875,
            "count": 84
        },
        "BattleBot.Step.mean": {
            "value": 1839976.0,
            "min": 1009936.0,
            "max": 1839976.0,
            "count": 84
        },
        "BattleBot.Step.sum": {
            "value": 1839976.0,
            "min": 1009936.0,
            "max": 1839976.0,
            "count": 84
        },
        "BattleBot.Policy.ExtrinsicValueEstimate.mean": {
            "value": 0.016425175592303276,
            "min": 0.007373426109552383,
            "max": 0.1306830644607544,
            "count": 84
        },
        "BattleBot.Policy.ExtrinsicValueEstimate.sum": {
            "value": 2.5787525177001953,
            "min": 1.150254487991333,
            "max": 22.188690185546875,
            "count": 84
        },
        "BattleBot.Environment.EpisodeLength.mean": {
            "value": 992.0,
            "min": 132.0,
            "max": 2813.0,
            "count": 84
        },
        "BattleBot.Environment.EpisodeLength.sum": {
            "value": 1984.0,
            "min": 528.0,
            "max": 22436.0,
            "count": 84
        },
        "BattleBot.Self-play.ELO.mean": {
            "value": 494.8715649394011,
            "min": 494.8715649394011,
            "max": 984.3534855629664,
            "count": 84
        },
        "BattleBot.Self-play.ELO.sum": {
            "value": 989.7431298788022,
            "min": 989.7431298788022,
            "max": 25677.076225948353,
            "count": 84
        },
        "BattleBot.Environment.CumulativeReward.mean": {
            "value": 0.7199999857693911,
            "min": -0.5299999956041574,
            "max": 0.7499999776482582,
            "count": 84
        },
        "BattleBot.Environment.CumulativeReward.sum": {
            "value": 1.4399999715387821,
            "min": -1.059999991208315,
            "max": 20.499999161809683,
            "count": 84
        },
        "BattleBot.Policy.ExtrinsicReward.mean": {
            "value": 0.7199999857693911,
            "min": -0.5299999956041574,
            "max": 0.7499999776482582,
            "count": 84
        },
        "BattleBot.Policy.ExtrinsicReward.sum": {
            "value": 1.4399999715387821,
            "min": -1.059999991208315,
            "max": 20.499999161809683,
            "count": 84
        },
        "BattleBot.IsTraining.mean": {
            "value": 1.0,
            "min": 1.0,
            "max": 1.0,
            "count": 84
        },
        "BattleBot.IsTraining.sum": {
            "value": 1.0,
            "min": 1.0,
            "max": 1.0,
            "count": 84
        },
        "BattleBot.Losses.PolicyLoss.mean": {
            "value": 0.026438787773561973,
            "min": 0.016323881425584354,
            "max": 0.03129807645455003,
            "count": 80
        },
        "BattleBot.Losses.PolicyLoss.sum": {
            "value": 0.026438787773561973,
            "min": 0.016323881425584354,
            "max": 0.03129807645455003,
            "count": 80
        },
        "BattleBot.Losses.ValueLoss.mean": {
            "value": 0.00952320812890927,
            "min": 0.005218271926666299,
            "max": 0.1476413458585739,
            "count": 80
        },
        "BattleBot.Losses.ValueLoss.sum": {
            "value": 0.00952320812890927,
            "min": 0.005218271926666299,
            "max": 0.1476413458585739,
            "count": 80
        },
        "BattleBot.Policy.LearningRate.mean": {
            "value": 0.0002450446383184601,
            "min": 0.0002450446383184601,
            "max": 0.0002695845101385,
            "count": 80
        },
        "BattleBot.Policy.LearningRate.sum": {
            "value": 0.0002450446383184601,
            "min": 0.0002450446383184601,
            "max": 0.0002695845101385,
            "count": 80
        },
        "BattleBot.Policy.Epsilon.mean": {
            "value": 0.18168153999999992,
            "min": 0.18168153999999992,
            "max": 0.18986150000000004,
            "count": 80
        },
        "BattleBot.Policy.Epsilon.sum": {
            "value": 0.18168153999999992,
            "min": 0.18168153999999992,
            "max": 0.18986150000000004,
            "count": 80
        },
        "BattleBot.Policy.Beta.mean": {
            "value": 0.00041023954600000005,
            "min": 0.00041023954600000005,
            "max": 0.00045032134999999985,
            "count": 80
        },
        "BattleBot.Policy.Beta.sum": {
            "value": 0.00041023954600000005,
            "min": 0.00041023954600000005,
            "max": 0.00045032134999999985,
            "count": 80
        }
    },
    "metadata": {
        "timer_format_version": "0.1.0",
        "start_time_seconds": "1765584177",
        "python_version": "3.10.11 (tags/v3.10.11:7d4cc5a, Apr  5 2023, 00:38:17) [MSC v.1929 64 bit (AMD64)]",
        "command_line_arguments": "C:\\Users\\HP\\GIT\\RI-Final-Project\\venv\\Scripts\\mlagents-learn Assets/ML-Configs/BattleBot.yaml --run-id=BattleTest02 --resume",
        "mlagents_version": "1.1.0",
        "mlagents_envs_version": "1.1.0",
        "communication_protocol_version": "1.5.0",
        "pytorch_version": "2.2.2+cu121",
        "numpy_version": "1.23.5",
        "end_time_seconds": "1765585765"
    },
    "total": 1587.8975334000006,
    "count": 1,
    "self": 0.00630150000051799,
    "children": {
        "run_training.setup": {
            "total": 0.13169230000039533,
            "count": 1,
            "self": 0.13169230000039533
        },
        "TrainerController.start_learning": {
            "total": 1587.7595395999997,
            "count": 1,
            "self": 1.0712010001379895,
            "children": {
                "TrainerController._reset_env": {
                    "total": 11.042667300000176,
                    "count": 10,
                    "self": 11.042667300000176
                },
                "TrainerController.advance": {
                    "total": 1575.5789882998615,
                    "count": 47632,
                    "self": 0.996822499722839,
                    "children": {
                        "env_step": {
                            "total": 1298.2813758001475,
                            "count": 47632,
                            "self": 1216.8100134001234,
                            "children": {
                                "SubprocessEnvManager._take_step": {
                                    "total": 80.71415840001828,
                                    "count": 47632,
                                    "self": 3.863706400106821,
                                    "children": {
                                        "TorchPolicy.evaluate": {
                                            "total": 76.85045199991146,
                                            "count": 47222,
                                            "self": 76.85045199991146
                                        }
                                    }
                                },
                                "workers": {
                                    "total": 0.7572040000059133,
                                    "count": 47631,
                                    "self": 0.0,
                                    "children": {
                                        "worker_root": {
                                            "total": 1511.1309920998901,
                                            "count": 47631,
                                            "is_parallel": true,