{
    "name": "root",
    "gauges": {
        "BattleBot.Policy.Entropy.mean": {
            "value": 1.3854929208755493,
            "min": 1.3327112197875977,
            "max": 2.112079381942749,
            "count": 270
        },
        "BattleBot.Policy.Entropy.sum": {
            "value": 27557.455078125,
            "min": 25838.599609375,
            "max": 44607.1171875,
            "count": 270
        },
        "BattleBot.Environment.LessonNumber.spawn_area_frac.mean": {
            "value": 1.0,
            "min": 0.0,
            "max": 1.0,
            "count": 270
        },
        "BattleBot.Environment.LessonNumber.spawn_area_frac.sum": {
            "value": 1.0,
            "min": 0.0,
            "max": 1.0,
            "count": 270
        },
        "BattleBot.Step.mean": {
            "value": 2699947.0,
            "min": 9984.0,
            "max": 2699947.0,
            "count": 270
        },
        "BattleBot.Step.sum": {
            "value": 2699947.0,
            "min": 9984.0,
            "max": 2699947.0,
            "count": 270
        },
        "BattleBot.Policy.ExtrinsicValueEstimate.mean": {
            "value": 0.005641208030283451,
            "min": -0.14770658314228058,
            "max": 0.133305162191391,
            "count": 270
        },
        "BattleBot.Policy.ExtrinsicValueEstimate.sum": {
            "value": 0.9138756990432739,
            "min": -24.962413787841797,
            "max": 22.661876678466797,
            "count": 270
        },
        "BattleBot.IsTraining.mean": {
            "value": 1.0,
            "min": 1.0,
            "max": 1.0,
            "count": 270
        },
        "BattleBot.IsTraining.sum": {
            "value": 1.0,
            "min": 1.0,
            "max": 1.0,
            "count": 270
        },
        "BattleBot.Losses.PolicyLoss.mean": {
            "value": 0.02232934027366961,
            "min": 0.01500094507743294,
            "max": 0.035438730684109035,
            "count": 262
        },
        "BattleBot.Losses.PolicyLoss.sum": {
            "value": 0.02232934027366961,
            "min": 0.01500094507743294,
            "max": 0.035438730684109035,
            "count": 262
        },
        "BattleBot.Losses.ValueLoss.mean": {
            "value": 0.03347974866628647,
            "min": 9.421791182830929e-05,
            "max": 0.06486968882381916,
            "count": 262
        },
        "BattleBot.Losses.ValueLoss.sum": {
            "value": 0.03347974866628647,
            "min": 9.421791182830929e-05,
            "max": 0.06486968882381916,
            "count": 262
        },
        "BattleBot.Policy.LearningRate.mean": {
            "value": 0.00025955620348127,
            "min": 0.00025955620348127,
            "max": 0.0002998416000528,
            "count": 262
        },
        "BattleBot.Policy.LearningRate.sum": {
            "value": 0.00025955620348127,
            "min": 0.00025955620348127,
            "max": 0.0002998416000528,
            "count": 262
        },
        "BattleBot.Policy.Epsilon.mean": {
            "value": 0.1865187300000001,
            "min": 0.1865187300000001,
            "max": 0.1999472000000001,
            "count": 262
        },
        "BattleBot.Policy.Epsilon.sum": {
            "value": 0.1865187300000001,
            "min": 0.1865187300000001,
            "max": 0.1999472000000001,
            "count": 262
        },
        "BattleBot.Policy.Beta.mean": {
            "value": 0.00043394177699999985,
            "min": 0.00043394177699999985,
            "max": 0.0004997412800000001,
            "count": 262
        },
        "BattleBot.Policy.Beta.sum": {
            "value": 0.00043394177699999985,
            "min": 0.00043394177699999985,
            "max": 0.0004997412800000001,
            "count": 262
        },
        "BattleBot.Environment.EpisodeLength.mean": {
            "value": 434.0,
            "min": 208.66666666666666,
            "max": 1003.2,
            "count": 268
        },
        "BattleBot.Environment.EpisodeLength.sum": {
            "value": 11284.0,
            "min": 2512.0,
            "max": 30786.0,
            "count": 268
        },
        "BattleBot.Self-play.ELO.mean": {
            "value": 1337.6839263857605,
            "min": 1200.0,
            "max": 1337.6839263857605,
            "count": 268
        },
        "BattleBot.Self-play.ELO.sum": {
            "value": 17389.891043014886,
            "min": 3605.3777655373124,
            "max": 44771.451202881355,
            "count": 268
        },
        "BattleBot.Environment.CumulativeReward.mean": {
            "value": 0.2552838748587029,
            "min": -0.8013653629459441,
            "max": 0.6258371631718345,
            "count": 269
        },
        "BattleBot.Environment.CumulativeReward.sum": {
            "value": 3.573974248021841,
            "min": -14.718591650947928,
            "max": 17.2421864150092,
            "count": 269
        },
        "BattleBot.Policy.ExtrinsicReward.mean": {
            "value": 0.2552838748587029,
            "min": -0.8013653629459441,
            "max": 0.6258371631718345,
            "count": 269
        },
        "BattleBot.Policy.ExtrinsicReward.sum": {
            "value": 3.573974248021841,
            "min": -14.718591650947928,
            "max": 17.2421864150092,
            "count": 269
        }
    },
    "metadata": {
        "timer_format_version": "0.1.0",
        "start_time_seconds": "1765878018",
        "python_version": "3.10.11 (tags/v3.10.11:7d4cc5a, Apr  5 2023, 00:38:17) [MSC v.1929 64 bit (AMD64)]",
        "command_line_arguments": "C:\\Users\\davco\\Documents\\University\\Masters\\Year 2\\Semestre 1\\RI\\RI Final Project\\venv\\Scripts\\mlagents-learn Assets/ML-Configs/BattleBot.yaml --run-id=final_run",
        "mlagents_version": "1.1.0",
        "mlagents_envs_version": "1.1.0",
        "communication_protocol_version": "1.5.0",
        "pytorch_version": "2.2.2+cu121",
        "numpy_version": "1.23.5",
        "end_time_seconds": "1765884635"
    },
    "total": 6617.059087900037,
    "count": 1,
    "self": 0.011913500027731061,
    "children": {
        "run_training.setup": {
            "total": 0.07807480002520606,
            "count": 1,
            "self": 0.07807480002520606
        },
        "TrainerController.start_learning": {
            "total": 6616.9690995999845,
            "count": 1,
            "self": 4.652365983987693,
            "children": {
                "TrainerController._reset_env": {
                    "total": 16.493753299873788,
                    "count": 29,
                    "self": 16.493753299873788
                },
                "TrainerController.advance": {
                    "total": 6595.769690116111,
                    "count": 184317,
                    "self": 5.606746208039112,
                    "children": {
                        "env_step": {
                            "total": 5618.551130804233,
                            "count": 184317,
                            "self": 5008.097803112061,
                            "children": {
                                "SubprocessEnvManager._take_step": {
                                    "total": 608.3257609014981,
                                    "count": 184317,
                                    "self": 24.122786183841527,
                                    "children": {
                                        "TorchPolicy.evaluate": {
                                            "total": 584.2029747176566,
                                            "count": 362328,
                                            "self": 584.2029747176566
                                        }
                                    }
                                },
                                "workers": {
                                    "total": 2.1275667906738818,