{
    "name": "root",
    "gauges": {
        "BattleBot.Policy.Entropy.mean": {
            "value": 1.5614339113235474,
            "min": 1.4964752197265625,
            "max": 1.9118258953094482,
            "count": 211
        },
        "BattleBot.Policy.Entropy.sum": {
            "value": 32349.787109375,
            "min": 22699.01171875,
            "max": 38946.6328125,
            "count": 211
        },
        "BattleBot.Environment.LessonNumber.spawn_area_frac.mean": {
            "value": 2.0,
            "min": 2.0,
            "max": 2.0,
            "count": 211
        },
        "BattleBot.Environment.LessonNumber.spawn_area_frac.sum": {
            "value": 2.0,
            "min": 2.0,
            "max": 2.0,
            "count": 211
        },
        "BattleBot.Step.mean": {
            "value": 2999991.0,
            "min": 899953.0,
            "max": 2999991.0,
            "count": 211
        },
        "BattleBot.Step.sum": {
            "value": 2999991.0,
            "min": 899953.0,
            "max": 2999991.0,
            "count": 211
        },
        "BattleBot.Policy.ExtrinsicValueEstimate.mean": {
            "value": -0.02475186064839363,
            "min": -0.04335901513695717,
            "max": 0.06172308325767517,
            "count": 211
        },
        "BattleBot.Policy.ExtrinsicValueEstimate.sum": {
            "value": -4.059305191040039,
            "min": -7.327673435211182,
            "max": 10.06086254119873,
            "count": 211
        },
        "BattleBot.Environment.EpisodeLength.mean": {
            "value": 358.2916666666667,
            "min": 280.35714285714283,
            "max": 502.6842105263158,
            "count": 211
        },
        "BattleBot.Environment.EpisodeLength.sum": {
            "value": 17198.0,
            "min": 8418.0,
            "max": 24372.0,
            "count": 211
        },
        "BattleBot.Self-play.ELO.mean": {
            "value": 2306.8474578202236,
            "min": 1543.548257554613,
            "max": 2306.8474578202236,
            "count": 211
        },
        "BattleBot.Self-play.ELO.sum": {
            "value": 55364.33898768536,
            "min": 16979.030833100744,
            "max": 61597.98144610045,
            "count": 211
        },
        "BattleBot.Environment.CumulativeReward.mean": {
            "value": -0.18506692454684526,
            "min": -0.49341301204015814,
            "max": 0.3121741108285884,
            "count": 211
        },
        "BattleBot.Environment.CumulativeReward.sum": {
            "value": -4.441606189124286,
            "min": -14.802390361204743,
            "max": 7.492178659886122,
            "count": 211
        },
        "BattleBot.Policy.ExtrinsicReward.mean": {
            "value": -0.18506692454684526,
            "min": -0.49341301204015814,
            "max": 0.3121741108285884,
            "count": 211
        },
        "BattleBot.Policy.ExtrinsicReward.sum": {
            "value": -4.441606189124286,
            "min": -14.802390361204743,
            "max": 7.492178659886122,
            "count": 211
        },
        "BattleBot.IsTraining.mean": {
            "value": 1.0,
            "min": 1.0,
            "max": 1.0,
            "count": 211
        },
        "BattleBot.IsTraining.sum": {
            "value": 1.0,
            "min": 1.0,
            "max": 1.0,
            "count": 211
        },
        "BattleBot.Losses.PolicyLoss.mean": {
            "value": 0.028805140452459455,
            "min": 0.014358464562489341,
            "max": 0.03640728782241543,
            "count": 204
        },
        "BattleBot.Losses.PolicyLoss.sum": {
            "value": 0.028805140452459455,
            "min": 0.014358464562489341,
            "max": 0.03640728782241543,
            "count": 204
        },
        "BattleBot.Losses.ValueLoss.mean": {
            "value": 0.009392072182769577,
            "min": 0.0011884662051064273,
            "max": 0.034178727120161054,
            "count": 204
        },
        "BattleBot.Losses.ValueLoss.sum": {
            "value": 0.009392072182769577,
            "min": 0.0011884662051064273,
            "max": 0.034178727120161054,
            "count": 204
        },
        "BattleBot.Policy.LearningRate.mean": {
            "value": 0.00021030122989959993,
            "min": 0.00021030122989959993,
            "max": 0.0002728877790374101,
            "count": 204
        },
        "BattleBot.Policy.LearningRate.sum": {
            "value": 0.00021030122989959993,
            "min": 0.00021030122989959993,
            "max": 0.0002728877790374101,
            "count": 204
        },
        "BattleBot.Policy.Epsilon.mean": {
            "value": 0.17010039999999998,
            "min": 0.17010039999999998,
            "max": 0.19096258999999996,
            "count": 204
        },
        "BattleBot.Policy.Epsilon.sum": {
            "value": 0.17010039999999998,
            "min": 0.17010039999999998,
            "max": 0.19096258999999996,
            "count": 204
        },
        "BattleBot.Policy.Beta.mean": {
            "value": 0.00035349196000000006,
            "min": 0.00035349196000000006,
            "max": 0.0004557166910000001,
            "count": 204
        },
        "BattleBot.Policy.Beta.sum": {
            "value": 0.00035349196000000006,
            "min": 0.00035349196000000006,
            "max": 0.0004557166910000001,
            "count": 204
        }
    },
    "metadata": {
        "timer_format_version": "0.1.0",
        "start_time_seconds": "1765698056",
        "python_version": "3.10.11 (tags/v3.10.11:7d4cc5a, Apr  5 2023, 00:38:17) [MSC v.1929 64 bit (AMD64)]",
        "command_line_arguments": "C:\\Users\\davco\\Documents\\University\\Masters\\Year 2\\Semestre 1\\RI\\RI Final Project\\venv\\Scripts\\mlagents-learn Assets/ML-Configs/BattleBot.yaml --run-id=BattleTest03 --resume",
        "mlagents_version": "1.1.0",
        "mlagents_envs_version": "1.1.0",
        "communication_protocol_version": "1.5.0",
        "pytorch_version": "2.2.2+cu121",
        "numpy_version": "1.23.5",
        "end_time_seconds": "1765708793"
    },
    "total": 10737.523225299985,
    "count": 1,
    "self": 0.004774999979417771,
    "children": {
        "run_training.setup": {
            "total": 0.06297719999565743,
            "count": 1,
            "self": 0.06297719999565743
        },
        "TrainerController.start_learning": {
            "total": 10737.45547310001,
            "count": 1,
            "self": 6.052945708768675,
            "children": {
                "TrainerController._reset_env": {
                    "total": 10.570432300039101,
                    "count": 23,
                    "self": 10.570432300039101
                },
                "TrainerController.advance": {
                    "total": 10720.721649291198,
                    "count": 239292,
                    "self": 6.999101185734617,
                    "children": {
                        "env_step": {
                            "total": 9672.686693606229,
                            "count": 239292,
                            "self": 3194.9203203261713,
                            "children": {
                                "SubprocessEnvManager._take_step": {
                                    "total": 6474.810738492524,
                                    "count": 239292,
                                    "self": 25.425600990536623,
                                    "children": {
                                        "TorchPolicy.evaluate": {
                                            "total": 6449.385137501988,
                                            "count": 470971,
                                            "self": 6449.385137501988
                                        }
                                    }
                                },