{
    "name": "root",
    "gauges": {
        "BattleBot.Policy.Entropy.mean": {
            "value": 1.4197932481765747,
            "min": 1.3591371774673462,
            "max": 1.5484018325805664,
            "count": 84
        },
        "BattleBot.Policy.Entropy.sum": {
            "value": 28597.4765625,
            "min": 8620.2578125,
            "max": 32219.14453125,
            "count": 84
        },
        "BattleBot.Environment.LessonNumber.spawn_area_frac.mean": {
            "value": 2.0,
            "min": 2.0,
            "max": 2.0,
            "count": 84
        },
        "BattleBot.Environment.LessonNumber.spawn_area_frac.sum": {
            "value": 2.0,
            "min": 2.0,
            "max": 2.0,
            "count": 84
        },
        "BattleBot.Step.mean": {
            "value": 3839973.0,
            "min": 3009991.0,
            "max": 3839973.0,
            "count": 84
        },
        "BattleBot.Step.sum": {
            "value": 3839973.0,
            "min": 3009991.0,
            "max": 3839973.0,
            "count": 84
        },
        "BattleBot.Policy.ExtrinsicValueEstimate.mean": {
            "value": 0.035028185695409775,
            "min": -0.09166151285171509,
            "max": 0.08424733579158783,
            "count": 84
        },
        "BattleBot.Policy.ExtrinsicValueEstimate.sum": {
            "value": 5.674566268920898,
            "min": -15.032487869262695,
            "max": 14.069304466247559,
            "count": 84
        },
        "BattleBot.Environment.EpisodeLength.mean": {
            "value": 422.48,
            "min": 130.75,
            "max": 456.27272727272725,
            "count": 84
        },
        "BattleBot.Environment.EpisodeLength.sum": {
            "value": 21124.0,
            "min": 2092.0,
            "max": 23038.0,
            "count": 84
        },
        "BattleBot.Self-play.ELO.mean": {
            "value": 2514.580907181882,
            "min": 2308.5889278062486,
            "max": 2514.580907181882,
            "count": 84
        },
        "BattleBot.Self-play.ELO.sum": {
            "value": 62864.52267954706,
            "min": 18468.71142244999,
            "max": 95946.4500114382,
            "count": 84
        },
        "BattleBot.Environment.CumulativeReward.mean": {
            "value": 0.10871430665254593,
            "min": -0.4000025119029862,
            "max": 0.32465497801701226,
            "count": 84
        },
        "BattleBot.Environment.CumulativeReward.sum": {
            "value": 2.7178576663136482,
            "min": -13.695810783654451,
            "max": 9.739649340510368,
            "count": 84
        },
        "BattleBot.Policy.ExtrinsicReward.mean": {
            "value": 0.10871430665254593,
            "min": -0.4000025119029862,
            "max": 0.32465497801701226,
            "count": 84
        },
        "BattleBot.Policy.ExtrinsicReward.sum": {
            "value": 2.7178576663136482,
            "min": -13.695810783654451,
            "max": 9.739649340510368,
            "count": 84
        },
        "BattleBot.IsTraining.mean": {
            "value": 1.0,
            "min": 1.0,
            "max": 1.0,
            "count": 84
        },
        "BattleBot.IsTraining.sum": {
            "value": 1.0,
            "min": 1.0,
            "max": 1.0,
            "count": 84
        },
        "BattleBot.Losses.PolicyLoss.mean": {
            "value": 0.020906531029565183,
            "min": 0.017319458831722537,
            "max": 0.03316833909484558,
            "count": 80
        },
        "BattleBot.Losses.PolicyLoss.sum": {
            "value": 0.020906531029565183,
            "min": 0.017319458831722537,
            "max": 0.03316833909484558,
            "count": 80
        },
        "BattleBot.Losses.ValueLoss.mean": {
            "value": 0.024121464664737382,
            "min": 0.01523600627357761,
            "max": 0.06149964357415835,
            "count": 80
        },
        "BattleBot.Losses.ValueLoss.sum": {
            "value": 0.024121464664737382,
            "min": 0.01523600627357761,
            "max": 0.06149964357415835,
            "count": 80
        },
        "BattleBot.Policy.LearningRate.mean": {
            "value": 0.00018509733830089997,
            "min": 0.00018509733830089997,
            "max": 0.0002094685201771701,
            "count": 80
        },
        "BattleBot.Policy.LearningRate.sum": {
            "value": 0.00018509733830089997,
            "min": 0.00018509733830089997,
            "max": 0.0002094685201771701,
            "count": 80
        },
        "BattleBot.Policy.Epsilon.mean": {
            "value": 0.16169909999999998,
            "min": 0.16169909999999998,
            "max": 0.16982283000000006,
            "count": 80
        },
        "BattleBot.Policy.Epsilon.sum": {
            "value": 0.16169909999999998,
            "min": 0.16169909999999998,
            "max": 0.16982283000000006,
            "count": 80
        },
        "BattleBot.Policy.Beta.mean": {
            "value": 0.0003123255900000001,
            "min": 0.0003123255900000001,
            "max": 0.000352131867,
            "count": 80
        },
        "BattleBot.Policy.Beta.sum": {
            "value": 0.0003123255900000001,
            "min": 0.0003123255900000001,
            "max": 0.000352131867,
            "count": 80
        }
    },
    "metadata": {
        "timer_format_version": "0.1.0",
        "start_time_seconds": "1765717538",
        "python_version": "3.10.11 (tags/v3.10.11:7d4cc5a, Apr  5 2023, 00:38:17) [MSC v.1929 64 bit (AMD64)]",
        "command_line_arguments": "C:\\Users\\davco\\Documents\\University\\Masters\\Year 2\\Semestre 1\\RI\\RI Final Project\\venv\\Scripts\\mlagents-learn Assets/ML-Configs/BattleBot.yaml --run-id=BattleTest03 --resume",
        "mlagents_version": "1.1.0",
        "mlagents_envs_version": "1.1.0",
        "communication_protocol_version": "1.5.0",
        "pytorch_version": "2.2.2+cu121",
        "numpy_version": "1.23.5",
        "end_time_seconds": "1765721919"
    },
    "total": 4381.980228500004,
    "count": 1,
    "self": 0.0040126999956555665,
    "children": {
        "run_training.setup": {
            "total": 0.0534656000090763,
            "count": 1,
            "self": 0.0534656000090763
        },
        "TrainerController.start_learning": {
            "total": 4381.922750199999,
            "count": 1,
            "self": 2.0585374024522025,
            "children": {
                "TrainerController._reset_env": {
                    "total": 7.83001430000877,
                    "count": 10,
                    "self": 7.83001430000877
                },
                "TrainerController.advance": {
                    "total": 4371.973751697544,
                    "count": 95243,
                    "self": 2.32476539775962,
                    "children": {
                        "env_step": {
                            "total": 4031.6809916974744,
                            "count": 95243,
                            "self": 1158.9400651931937,
                            "children": {
                                "SubprocessEnvManager._take_step": {
                                    "total": 2871.735505302757,
                                    "count": 95243,
                                    "self": 8.379128704458708,
                                    "children": {
                                        "TorchPolicy.evaluate": {
                                            "total": 2863.356376598298,
                                            "count": 186682,
                                            "self": 2863.356376598298
                                        }
                                    }
                                },
                                "workers": {
                                    "total": 1.005421201523859,