{"count":1,"self":3456.704512,"total":26704.086794799998,"children":{"InitializeActuators":{"count":18,"self":0.0005047,"total":0.0005047,"children":null},"InitializeSensors":{"count":18,"self":0.0030471,"total":0.0030471,"children":null},"AgentSendState":{"count":5569086,"self":7185.2580863999992,"total":7714.8705891,"children":{"CollectObservations":{"count":20050092,"self":38.8521632,"total":38.852163,"children":null},"WriteActionMask":{"count":20050092,"self":8.1886312,"total":8.1886309999999991,"children":null},"RequestDecision":{"count":20050092,"self":33.3733888,"total":482.57190799999995,"children":{"AgentInfo.ToProto":{"count":20050092,"self":29.0676736,"total":449.1985181,"children":{"GenerateSensorData":{"count":20050092,"self":222.8879872,"total":420.1308456,"children":{"RayPerceptionSensor.Perceive":{"count":40100184,"self":197.24286719999998,"total":197.2428646,"children":null}}}}}}}}},"DecideAction":{"count":5569086,"self":15288.270848,"total":15288.271228599999,"children":null},"AgentAct":{"count":5569086,"self":242.87096319999998,"total":242.87096119999998,"children":null},"AgentInfo.ToProto":{"count":44262,"self":0.1159192,"total":1.3657754,"children":{"GenerateSensorData":{"count":44262,"self":0.7189517,"total":1.2498562,"children":{"RayPerceptionSensor.Perceive":{"count":88524,"self":0.5309045,"total":0.5309045,"children":null}}}}}},"gauges":{"BattleBot.CumulativeReward":{"count":44262,"max":1.7416445,"min":-2.103362,"runningAverage":-0.0104353391,"value":0,"weightedAverage":7.297858E-14}},"metadata":{"timer_format_version":"0.1.0","start_time_seconds":"1765756181","unity_version":"6000.2.7f2","command_line_arguments":"C:\\Program Files\\Unity\\Hub\\Editor\\6000.2.7f2\\Editor\\Unity.exe -projectpath C:\\Ema\\RI-Final-Project -acceptSoftwareTermsForThisRunOnly -useHub -hubIPC -cloudEnvironment production -licensingIpc LicenseClient-jormi -hubSessionId 35a24875-12ef-4d44-8b8b-abaac4407993 -accessToken j4YDqpKUSxpGV6JSszOwKalxqVc5ygqcbKyhUS6fhvU006f","communication_protocol_version":"1.5.0","com.unity.ml-agents_version":"2.0.2","scene_name":"Main","end_time_seconds":"1765782885"}}