{"count":1,"self":36.5594592,"total":43.028223,"children":{"InitializeActuators":{"count":2,"self":0.00092399999999999991,"total":0.00092399999999999991,"children":null},"InitializeSensors":{"count":2,"self":0.001522,"total":0.001522,"children":null},"AgentSendState":{"count":2103,"self":0.05595,"total":6.4397579999999994,"children":{"CollectObservations":{"count":842,"self":0.0025299999999999997,"total":0.0025299999999999997,"children":null},"WriteActionMask":{"count":842,"self":0.001014,"total":0.001014,"children":null},"RequestDecision":{"count":842,"self":0.006077,"total":6.3802639999999995,"children":{"CameraSensor.GetCompressedObservation":{"count":842,"self":6.3722271999999993,"total":6.372227,"children":null},"RayPerceptionSensor.Perceive":{"count":842,"self":0.00196,"total":0.00196,"children":null}}}}},"DecideAction":{"count":2103,"self":0.0095129999999999989,"total":0.0095129999999999989,"children":null},"AgentAct":{"count":2103,"self":0.016822999999999998,"total":0.016822999999999998,"children":null}},"gauges":{},"metadata":{"timer_format_version":"0.1.0","start_time_seconds":"1764244193","unity_version":"6000.2.7f2","command_line_arguments":"\/Volumes\/KINGSTON\/Apps\/Unity\/Hub\/Editor\/6000.2.7f2\/Unity.app\/Contents\/MacOS\/Unity","communication_protocol_version":"1.5.0","com.unity.ml-agents_version":"2.0.2","scene_name":"Main","end_time_seconds":"1764244236"}}