{"count":1,"self":22.200526399999998,"total":22.235929,"children":{"InitializeActuators":{"count":1,"self":0.00077,"total":0.00077,"children":null},"InitializeSensors":{"count":1,"self":0.001102,"total":0.001102,"children":null},"AgentSendState":{"count":1065,"self":0.015886,"total":0.019039,"children":{"CollectObservations":{"count":213,"self":0.0010069999999999999,"total":0.0010069999999999999,"children":null},"WriteActionMask":{"count":213,"self":0.00035099999999999997,"total":0.00035099999999999997,"children":null},"RequestDecision":{"count":213,"self":0.0013549999999999999,"total":0.001795,"children":{"RayPerceptionSensor.Perceive":{"count":213,"self":0.00043999999999999996,"total":0.00043999999999999996,"children":null}}}}},"DecideAction":{"count":1065,"self":0.004123,"total":0.004123,"children":null},"AgentAct":{"count":1065,"self":0.010147999999999999,"total":0.010147999999999999,"children":null}},"gauges":{},"metadata":{"timer_format_version":"0.1.0","start_time_seconds":"1764173178","unity_version":"6000.2.7f2","command_line_arguments":"\/Volumes\/KINGSTON\/Apps\/Unity\/Hub\/Editor\/6000.2.7f2\/Unity.app\/Contents\/MacOS\/Unity","communication_protocol_version":"1.5.0","com.unity.ml-agents_version":"2.0.2","scene_name":"Main","end_time_seconds":"1764173200"}}