{"count":1,"self":30.921452799999997,"total":35.4858318,"children":{"InitializeActuators":{"count":30,"self":0.0010035999999999999,"total":0.0010035999999999999,"children":null},"InitializeSensors":{"count":30,"self":0.0015099999999999998,"total":0.0015099999999999998,"children":null},"AgentSendState":{"count":1522,"self":4.055368,"total":4.0977238,"children":{"CollectObservations":{"count":9150,"self":0.018199399999999998,"total":0.018199399999999998,"children":null},"WriteActionMask":{"count":9150,"self":0.0040222999999999995,"total":0.0040222999999999995,"children":null},"RequestDecision":{"count":9150,"self":0.020134199999999998,"total":0.020134199999999998,"children":null}}},"DecideAction":{"count":1522,"self":0.2693796,"total":0.4459472,"children":{"RayPerceptionSensor.Perceive":{"count":36600,"self":0.1765676,"total":0.1765676,"children":null}}},"AgentAct":{"count":1522,"self":0.017683,"total":0.017683,"children":null}},"gauges":{"BattleBot.CumulativeReward":{"count":2,"max":1.27220011,"min":-1.32779992,"runningAverage":-0.0277999043,"value":1.27220011,"weightedAverage":-0.67779994}},"metadata":{"timer_format_version":"0.1.0","start_time_seconds":"1765877896","unity_version":"6000.2.7f2","command_line_arguments":"C:\\Program Files\\Unity\\Hub\\Editor\\6000.2.7f2\\Editor\\Unity.exe -projectpath C:\\Users\\davco\\Documents\\University\\Masters\\Year 2\\Semestre 1\\RI\\RI Final Project -acceptSoftwareTermsForThisRunOnly -useHub -hubIPC -cloudEnvironment production -licensingIpc LicenseClient-davco -hubSessionId 258d1283-d8ce-4413-a1c0-d3452a2e69ea -accessToken d0aTlUaod5Lms6KOzETH_2M8e-46vnIX_zwWIH6-fbE006f","communication_protocol_version":"1.5.0","com.unity.ml-agents_version":"2.0.2","scene_name":"Main","end_time_seconds":"1765877932"}}