{
    "name": "root",
    "gauges": {
        "BattleBot.Policy.Entropy.mean": {
            "value": 0.9588651061058044,
            "min": 0.8031660914421082,
            "max": 1.4049174785614014,
            "count": 680
        },
        "BattleBot.Policy.Entropy.sum": {
            "value": 19451.537109375,
            "min": 15789.568359375,
            "max": 28626.59765625,
            "count": 680
        },
        "BattleBot.Step.mean": {
            "value": 6799971.0,
            "min": 9973.0,
            "max": 6799971.0,
            "count": 680
        },
        "BattleBot.Step.sum": {
            "value": 6799971.0,
            "min": 9973.0,
            "max": 6799971.0,
            "count": 680
        },
        "BattleBot.Policy.ExtrinsicValueEstimate.mean": {
            "value": 0.029315918684005737,
            "min": -0.18558946251869202,
            "max": 0.164553701877594,
            "count": 680
        },
        "BattleBot.Policy.ExtrinsicValueEstimate.sum": {
            "value": 4.66123104095459,
            "min": -30.43667221069336,
            "max": 26.822254180908203,
            "count": 680
        },
        "BattleBot.Environment.EpisodeLength.mean": {
            "value": 502.45,
            "min": 299.17857142857144,
            "max": 502.55555555555554,
            "count": 680
        },
        "BattleBot.Environment.EpisodeLength.sum": {
            "value": 20098.0,
            "min": 12746.0,
            "max": 23452.0,
            "count": 680
        },
        "BattleBot.Self-play.ELO.mean": {
            "value": 3862.8755798987017,
            "min": 1202.9283270958206,
            "max": 3862.8755798987017,
            "count": 680
        },
        "BattleBot.Self-play.ELO.sum": {
            "value": 77257.51159797404,
            "min": 25261.494869012233,
            "max": 89735.39633420398,
            "count": 680
        },
        "BattleBot.Environment.CumulativeReward.mean": {
            "value": 1.5700235962867736e-06,
            "min": -0.6765442638844251,
            "max": 0.6094469173393887,
            "count": 680
        },
        "BattleBot.Environment.CumulativeReward.sum": {
            "value": 3.1400471925735474e-05,
            "min": -18.248194478452206,
            "max": 17.67396060284227,
            "count": 680
        },
        "BattleBot.Policy.ExtrinsicReward.mean": {
            "value": 1.5700235962867736e-06,
            "min": -0.6765442638844251,
            "max": 0.6094469173393887,
            "count": 680
        },
        "BattleBot.Policy.ExtrinsicReward.sum": {
            "value": 3.1400471925735474e-05,
            "min": -18.248194478452206,
            "max": 17.67396060284227,
            "count": 680
        },
        "BattleBot.IsTraining.mean": {
            "value": 1.0,
            "min": 1.0,
            "max": 1.0,
            "count": 680
        },
        "BattleBot.IsTraining.sum": {
            "value": 1.0,
            "min": 1.0,
            "max": 1.0,
            "count": 680
        },
        "BattleBot.Losses.PolicyLoss.mean": {
            "value": 0.020788493985310196,
            "min": 0.013751142900825167,
            "max": 0.035889972707567115,
            "count": 661
        },
        "BattleBot.Losses.PolicyLoss.sum": {
            "value": 0.020788493985310196,
            "min": 0.013751142900825167,
            "max": 0.035889972707567115,
            "count": 661
        },
        "BattleBot.Losses.ValueLoss.mean": {
            "value": 0.005899806382755438,
            "min": 0.0009220682802454879,
            "max": 0.03407040008654197,
            "count": 661
        },
        "BattleBot.Losses.ValueLoss.sum": {
            "value": 0.005899806382755438,
            "min": 0.0009220682802454879,
            "max": 0.03407040008654197,
            "count": 661
        },
        "BattleBot.Policy.LearningRate.mean": {
            "value": 9.622509792498998e-05,
            "min": 9.622509792498998e-05,
            "max": 0.00029969121010292994,
            "count": 661
        },
        "BattleBot.Policy.LearningRate.sum": {
            "value": 9.622509792498998e-05,
            "min": 9.622509792498998e-05,
            "max": 0.00029969121010292994,
            "count": 661
        },
        "BattleBot.Policy.Epsilon.mean": {
            "value": 0.13207501,
            "min": 0.13207501,
            "max": 0.1998970700000001,
            "count": 661
        },
        "BattleBot.Policy.Epsilon.sum": {
            "value": 0.13207501,
            "min": 0.13207501,
            "max": 0.1998970700000001,
            "count": 661
        },
        "BattleBot.Policy.Beta.mean": {
            "value": 0.00016716754900000005,
            "min": 0.00016716754900000005,
            "max": 0.0004994956429999999,
            "count": 661
        },
        "BattleBot.Policy.Beta.sum": {
            "value": 0.00016716754900000005,
            "min": 0.00016716754900000005,
            "max": 0.0004994956429999999,
            "count": 661
        }
    },
    "metadata": {
        "timer_format_version": "0.1.0",
        "start_time_seconds": "1765738043",
        "python_version": "3.10.11 (tags/v3.10.11:7d4cc5a, Apr  5 2023, 00:38:17) [MSC v.1929 64 bit (AMD64)]",
        "command_line_arguments": "C:\\Ema\\RI-Final-Project\\venv\\Scripts\\mlagents-learn Assets/ML-Configs/BattleBot.yaml --run-id=BattleTest04 --initialize-from=BattleTest03",
        "mlagents_version": "1.1.0",
        "mlagents_envs_version": "1.1.0",
        "communication_protocol_version": "1.5.0",
        "pytorch_version": "2.2.2+cu121",
        "numpy_version": "1.23.5",
        "end_time_seconds": "1765756069"
    },
    "total": 18026.816571000032,
    "count": 1,
    "self": 0.004556400701403618,
    "children": {
        "run_training.setup": {
            "total": 0.10950149968266487,
            "count": 1,
            "self": 0.10950149968266487
        },
        "TrainerController.start_learning": {
            "total": 18026.702513099648,
            "count": 1,
            "self": 11.760352066718042,
            "children": {
                "TrainerController._reset_env": {
                    "total": 13.586784900631756,
                    "count": 69,
                    "self": 13.586784900631756
                },
                "TrainerController.advance": {
                    "total": 18001.280144732445,
                    "count": 769689,
                    "self": 10.894766953773797,
                    "children": {
                        "env_step": {
                            "total": 16392.81766816508,
                            "count": 769689,
                            "self": 11517.750918135513,
                            "children": {
                                "SubprocessEnvManager._take_step": {
                                    "total": 4867.61624424113,
                                    "count": 769689,
                                    "self": 57.69801411032677,
                                    "children": {
                                        "TorchPolicy.evaluate": {
                                            "total": 4809.918230130803,
                                            "count": 1516764,
                                            "self": 4809.918230130803
                                        }
                                    }
                                },
                                "workers": {
                                    "total": 7.450505788438022,
                                    "count": 769688,
                                    "self": 0.0,
                                    "children": {
                                        "worker_root": {
                                            "total": 17985.73071856564,
                                            "count": 769688,