{
    "name": "root",
    "gauges": {
        "BattleBot.Policy.Entropy.mean": {
            "value": 2.095278739929199,
            "min": 2.095278739929199,
            "max": 2.112067222595215,
            "count": 10
        },
        "BattleBot.Policy.Entropy.sum": {
            "value": 42052.24609375,
            "min": 41154.359375,
            "max": 43526.4609375,
            "count": 10
        },
        "BattleBot.Step.mean": {
            "value": 99949.0,
            "min": 9988.0,
            "max": 99949.0,
            "count": 10
        },
        "BattleBot.Step.sum": {
            "value": 99949.0,
            "min": 9988.0,
            "max": 99949.0,
            "count": 10
        },
        "BattleBot.Policy.ExtrinsicValueEstimate.mean": {
            "value": -0.011715012602508068,
            "min": -0.15279656648635864,
            "max": -0.011715012602508068,
            "count": 10
        },
        "BattleBot.Policy.ExtrinsicValueEstimate.sum": {
            "value": -2.014982223510742,
            "min": -25.822620391845703,
            "max": -2.014982223510742,
            "count": 10
        },
        "BattleBot.Environment.EpisodeLength.mean": {
            "value": 402.2608695652174,
            "min": 388.9259259259259,
            "max": 402.4583333333333,
            "count": 10
        },
        "BattleBot.Environment.EpisodeLength.sum": {
            "value": 18504.0,
            "min": 14436.0,
            "max": 21666.0,
            "count": 10
        },
        "BattleBot.Self-play.ELO.mean": {
            "value": 1252.2959975175734,
            "min": 1204.6734315316635,
            "max": 1252.2959975175734,
            "count": 10
        },
        "BattleBot.Self-play.ELO.sum": {
            "value": 28802.807942904186,
            "min": 21684.12176756994,
            "max": 33526.08137169719,
            "count": 10
        },
        "BattleBot.Environment.CumulativeReward.mean": {
            "value": -3.311459137045819e-07,
            "min": -0.056168012493462476,
            "max": 0.13569857421572562,
            "count": 10
        },
        "BattleBot.Environment.CumulativeReward.sum": {
            "value": -7.616356015205383e-06,
            "min": -1.5165363373234868,
            "max": 3.6638615038245916,
            "count": 10
        },
        "BattleBot.Policy.ExtrinsicReward.mean": {
            "value": -3.311459137045819e-07,
            "min": -0.056168012493462476,
            "max": 0.13569857421572562,
            "count": 10
        },
        "BattleBot.Policy.ExtrinsicReward.sum": {
            "value": -7.616356015205383e-06,
            "min": -1.5165363373234868,
            "max": 3.6638615038245916,
            "count": 10
        },
        "BattleBot.IsTraining.mean": {
            "value": 1.0,
            "min": 1.0,
            "max": 1.0,
            "count": 10
        },
        "BattleBot.IsTraining.sum": {
            "value": 1.0,
            "min": 1.0,
            "max": 1.0,
            "count": 10
        },
        "BattleBot.Losses.PolicyLoss.mean": {
            "value": 0.02328273730818182,
            "min": 0.020291251725575422,
            "max": 0.026632717104318242,
            "count": 9
        },
        "BattleBot.Losses.PolicyLoss.sum": {
            "value": 0.02328273730818182,
            "min": 0.020291251725575422,
            "max": 0.026632717104318242,
            "count": 9
        },
        "BattleBot.Losses.ValueLoss.mean": {
            "value": 0.0011813182888242106,
            "min": 0.0011813182888242106,
            "max": 0.01027757025634249,
            "count": 9
        },
        "BattleBot.Losses.ValueLoss.sum": {
            "value": 0.0011813182888242106,
            "min": 0.0011813182888242106,
            "max": 0.01027757025634249,
            "count": 9
        },
        "BattleBot.Policy.LearningRate.mean": {
            "value": 0.00029721540092820007,
            "min": 0.00029721540092820007,
            "max": 0.0002996805001064999,
            "count": 9
        },
        "BattleBot.Policy.LearningRate.sum": {
            "value": 0.00029721540092820007,
            "min": 0.00029721540092820007,
            "max": 0.0002996805001064999,
            "count": 9
        },
        "BattleBot.Policy.Epsilon.mean": {
            "value": 0.1990718000000001,
            "min": 0.1990718000000001,
            "max": 0.1998935,
            "count": 9
        },
        "BattleBot.Policy.Epsilon.sum": {
            "value": 0.1990718000000001,
            "min": 0.1990718000000001,
            "max": 0.1998935,
            "count": 9
        },
        "BattleBot.Policy.Beta.mean": {
            "value": 0.0004954518199999999,
            "min": 0.0004954518199999999,
            "max": 0.0004994781499999999,
            "count": 9
        },
        "BattleBot.Policy.Beta.sum": {
            "value": 0.0004954518199999999,
            "min": 0.0004954518199999999,
            "max": 0.0004994781499999999,
            "count": 9
        }
    },
    "metadata": {
        "timer_format_version": "0.1.0",
        "start_time_seconds": "1765636266",
        "python_version": "3.10.11 (tags/v3.10.11:7d4cc5a, Apr  5 2023, 00:38:17) [MSC v.1929 64 bit (AMD64)]",
        "command_line_arguments": "C:\\Users\\davco\\Documents\\University\\Masters\\Year 2\\Semestre 1\\RI\\RI Final Project\\venv\\Scripts\\mlagents-learn Assets/ML-Configs/BattleBot.yaml --run-id=BattleTest01",
        "mlagents_version": "1.1.0",
        "mlagents_envs_version": "1.1.0",
        "communication_protocol_version": "1.5.0",
        "pytorch_version": "2.2.2+cu121",
        "numpy_version": "1.23.5",
        "end_time_seconds": "1765637193"
    },
    "total": 927.2355317000038,
    "count": 1,
    "self": 0.0043932000116910785,
    "children": {
        "run_training.setup": {
            "total": 0.05635739999706857,
            "count": 1,
            "self": 0.05635739999706857
        },
        "TrainerController.start_learning": {
            "total": 927.174781099995,
            "count": 1,
            "self": 0.24151900119613856,
            "children": {
                "TrainerController._reset_env": {
                    "total": 9.062451500009047,
                    "count": 2,
                    "self": 9.062451500009047
                },
                "TrainerController.advance": {
                    "total": 917.7101955988037,
                    "count": 11354,
                    "self": 0.21077529834292363,
                    "children": {
                        "env_step": {
                            "total": 841.3006326003815,
                            "count": 11354,
                            "self": 168.4278943001118,
                            "children": {
                                "SubprocessEnvManager._take_step": {
                                    "total": 672.7192848997511,
                                    "count": 11354,
                                    "self": 1.4055351995193632,
                                    "children": {
                                        "TorchPolicy.evaluate": {
                                            "total": 671.3137497002317,
                                            "count": 22380,
                                            "self": 671.3137497002317
                                        }
                                    }
                                },
                                "workers": {
                                    "total": 0.15345340051862877,
                                    "count": 11353,
                                    "self": 0.0,
                                    "children": {
                                        "worker_root": {
                                            "total": 913.9701856000902,
                                            "count": 11353,