{
    "name": "root",
    "gauges": {
        "BattleBot.Policy.Entropy.mean": {
            "value": 1.3289074897766113,
            "min": 1.265099048614502,
            "max": 1.6532983779907227,
            "count": 148
        },
        "BattleBot.Policy.Entropy.sum": {
            "value": 26854.5625,
            "min": 1163.39599609375,
            "max": 33853.44921875,
            "count": 148
        },
        "BattleBot.Environment.EpisodeLength.mean": {
            "value": 882.75,
            "min": 29.0,
            "max": 1003.5555555555555,
            "count": 148
        },
        "BattleBot.Environment.EpisodeLength.sum": {
            "value": 21186.0,
            "min": 58.0,
            "max": 26652.0,
            "count": 148
        },
        "BattleBot.Self-play.ELO.mean": {
            "value": 1223.4289770769174,
            "min": 1198.504118104549,
            "max": 1224.3854480465802,
            "count": 148
        },
        "BattleBot.Self-play.ELO.sum": {
            "value": 14681.147724923008,
            "min": 1200.0,
            "max": 27692.003380979477,
            "count": 148
        },
        "BattleBot.IsTraining.mean": {
            "value": 1.0,
            "min": 1.0,
            "max": 1.0,
            "count": 148
        },
        "BattleBot.IsTraining.sum": {
            "value": 1.0,
            "min": 1.0,
            "max": 1.0,
            "count": 148
        },
        "BattleBot.Step.mean": {
            "value": 2869936.0,
            "min": 1409984.0,
            "max": 2869936.0,
            "count": 147
        },
        "BattleBot.Step.sum": {
            "value": 2869936.0,
            "min": 1409984.0,
            "max": 2869936.0,
            "count": 147
        },
        "BattleBot.Policy.ExtrinsicValueEstimate.mean": {
            "value": -0.010325007140636444,
            "min": -0.06222628802061081,
            "max": 0.027670690789818764,
            "count": 147
        },
        "BattleBot.Policy.ExtrinsicValueEstimate.sum": {
            "value": -1.652001142501831,
            "min": -10.0184326171875,
            "max": 4.537993431091309,
            "count": 147
        },
        "BattleBot.Environment.CumulativeReward.mean": {
            "value": -0.1387901930611406,
            "min": -0.6362611467484385,
            "max": 0.505155381380367,
            "count": 147
        },
        "BattleBot.Environment.CumulativeReward.sum": {
            "value": -1.6654823167336872,
            "min": -11.661580838175723,
            "max": 6.995714581513312,
            "count": 147
        },
        "BattleBot.Policy.ExtrinsicReward.mean": {
            "value": -0.1387901930611406,
            "min": -0.6362611467484385,
            "max": 0.505155381380367,
            "count": 147
        },
        "BattleBot.Policy.ExtrinsicReward.sum": {
            "value": -1.6654823167336872,
            "min": -11.661580838175723,
            "max": 6.995714581513312,
            "count": 147
        },
        "BattleBot.Losses.PolicyLoss.mean": {
            "value": 0.017199165055838725,
            "min": 0.014582956545442964,
            "max": 0.030673332706404228,
            "count": 142
        },
        "BattleBot.Losses.PolicyLoss.sum": {
            "value": 0.017199165055838725,
            "min": 0.014582956545442964,
            "max": 0.030673332706404228,
            "count": 142
        },
        "BattleBot.Losses.ValueLoss.mean": {
            "value": 8.418006230688964e-05,
            "min": 8.418006230688964e-05,
            "max": 0.040390717796981335,
            "count": 142
        },
        "BattleBot.Losses.ValueLoss.sum": {
            "value": 8.418006230688964e-05,
            "min": 8.418006230688964e-05,
            "max": 0.040390717796981335,
            "count": 142
        },
        "BattleBot.Policy.LearningRate.mean": {
            "value": 0.00025708730930423487,
            "min": 0.00025708730930423487,
            "max": 0.00027884640705119995,
            "count": 142
        },
        "BattleBot.Policy.LearningRate.sum": {
            "value": 0.00025708730930423487,
            "min": 0.00025708730930423487,
            "max": 0.00027884640705119995,
            "count": 142
        },
        "BattleBot.Policy.Epsilon.mean": {
            "value": 0.18569576500000007,
            "min": 0.18569576500000007,
            "max": 0.19294879999999998,
            "count": 142
        },
        "BattleBot.Policy.Epsilon.sum": {
            "value": 0.18569576500000007,
            "min": 0.18569576500000007,
            "max": 0.19294879999999998,
            "count": 142
        },
        "BattleBot.Policy.Beta.mean": {
            "value": 0.00042990924849999984,
            "min": 0.00042990924849999984,
            "max": 0.00046544911999999984,
            "count": 142
        },
        "BattleBot.Policy.Beta.sum": {
            "value": 0.00042990924849999984,
            "min": 0.00042990924849999984,
            "max": 0.00046544911999999984,
            "count": 142
        }
    },
    "metadata": {
        "timer_format_version": "0.1.0",
        "start_time_seconds": "1765893754",
        "python_version": "3.10.11 (tags/v3.10.11:7d4cc5a, Apr  5 2023, 00:38:17) [MSC v.1929 64 bit (AMD64)]",
        "command_line_arguments": "C:\\Users\\davco\\Documents\\University\\Masters\\Year 2\\Semestre 1\\RI\\RI Final Project\\venv\\Scripts\\mlagents-learn Assets/ML-Configs/BattleBot.yaml --run-id=final_run_complete --resume",
        "mlagents_version": "1.1.0",
        "mlagents_envs_version": "1.1.0",
        "communication_protocol_version": "1.5.0",
        "pytorch_version": "2.2.2+cu121",
        "numpy_version": "1.23.5",
        "end_time_seconds": "1765897746"
    },
    "total": 3991.5832551000058,
    "count": 1,
    "self": 0.003617800073698163,
    "children": {
        "run_training.setup": {
            "total": 0.05404099996667355,
            "count": 1,
            "self": 0.05404099996667355
        },
        "TrainerController.start_learning": {
            "total": 3991.5255962999654,
            "count": 1,
            "self": 2.6129168968182057,
            "children": {
                "TrainerController._reset_env": {
                    "total": 11.988962099945638,
                    "count": 16,
                    "self": 11.988962099945638
                },
                "TrainerController.advance": {
                    "total": 3976.878591703193,
                    "count": 124755,
                    "self": 2.1624616989283822,
                    "children": {
                        "env_step": {
                            "total": 3407.925113594567,
                            "count": 124755,
                            "self": 2986.7270782069536,
                            "children": {
                                "SubprocessEnvManager._take_step": {
                                    "total": 419.6815877944464,
                                    "count": 124755,
                                    "self": 11.905971600208431,
                                    "children": {
                                        "TorchPolicy.evaluate": {
                                            "total": 407.77561619423795,
                                            "count": 246284,
                                            "self": 407.77561619423795
                                        }
                                    }
                                },
                                "workers": {
                                    "total": 1.5164475931669585,
                                    "count": 124754,
                                    "self": 0.0,
                                    "children": {
                                        "worker_root": {
                                            "total": 3977.0399275960517,